series,days,cagr,ann_vol,sharpe,max_drawdown,total_return
策略,1946,0.13971912722320834,0.22439765848175194,0.6952310843371559,-0.27446133294974717,1.7453992949673611
沪深300,1946,0.047116727793281354,0.1993204735758829,0.33051993845853933,-0.4215702301031261,0.42694287269263453
6ETF等权,1946,0.07311541814088507,0.18931037771130016,0.46758551374860324,-0.27318488319755196,0.7244816564966519
