metric,value,note
全样本累计超额_相对沪深300,0.9239728145435882,策略净值 / 沪深300ETF净值 - 1
全样本累计超额_相对6ETF等权,0.5920142059062206,策略净值 / 6ETF等权净值 - 1
沪深300深回撤期平均日收益差,0.0005965094268586145,沪深300自身回撤低于-20%日期
下跌日捕获率,0.723414126318346,沪深300下跌日，策略平均跌幅 / 沪深300平均跌幅；越低代表保护越强
上涨日捕获率,0.8121923885344752,沪深300上涨日，策略平均涨幅 / 沪深300平均涨幅
最大回撤差,0.14710889715337894,策略最大回撤 - 沪深300最大回撤；正值代表回撤更浅
